<beans xmlns="http://www.springframework.org/schema/beans" xmlns:context="http://www.springframework.org/schema/context" xmlns:mvc="http://www.springframework.org/schema/mvc" xmlns:p="http://www.springframework.org/schema/p" xmlns:xsi="http://www.w3.org/2001/XMLSchema-instance" xsi:schemaLocation="http://www.springframework.org/schema/beans http://www.springframework.org/schema/beans/spring-beans-3.2.xsd         http://www.springframework.org/schema/context http://www.springframework.org/schema/context/spring-context-3.2.xsd         http://www.springframework.org/schema/mvc http://www.springframework.org/schema/mvc/spring-mvc-3.2.xsd">

<!--
    수정일      수정자                      수정내용
  =========     =======    =================================================
  2011.09.07   	서준식     	 	로그인 체크 인터셉터 추가
  2011.09.29	이기하			에러페이지 경로수정
  2013.05.30	이기하			IP정보기록 로직 추가
  2014.08.14	이기하			mvc:interceptor 추가
-->

	<context:component-scan base-package="egovframework">
		<context:include-filter expression="org.springframework.stereotype.Controller" type="annotation"/>
		<context:exclude-filter expression="org.springframework.stereotype.Service" type="annotation"/>
		<context:exclude-filter expression="org.springframework.stereotype.Repository" type="annotation"/>
	</context:component-scan>

	<!-- For Pagination Tag -->
	<bean class="egovframework.com.cmm.ImagePaginationRenderer" id="imageRenderer"/>

	<bean class="egovframework.rte.ptl.mvc.tags.ui.pagination.DefaultPaginationManager" id="paginationManager">
		<property name="rendererType">
			<map>
				<entry key="image" value-ref="imageRenderer"/>
			</map>
		</property>
	</bean>

	<!--
	Controller에서 화면(JSP) 입력값을 받기 위해서 일반적으로 Command(Form Class) 객체를 사용하지만,
	Map 객체를 사용하는걸 선호할 수 있다.
	org.springframework.web.method.support.HandlerMethodArgumentResolver의 구현클래스인 AnnotationCommandMapArgumentResolver은
	HTTP request 객체값을 @CommandMap이 붙은  Map객체에 담아 Controller에서 사용도록 제공한다.
	기존에 사용하던 CommandMapArgumentResolver은 deprecated되었으며 AnnotationCommandMapArgumentResolver이 이와 동일한 기능을 한다.
	 -->
	<bean class="egovframework.rte.ptl.mvc.bind.annotation.EgovRequestMappingHandlerAdapter">
		<property name="webBindingInitializer">
			<bean class="egovframework.com.cmm.web.EgovBindingInitializer"/>
		</property>
		<property name="customArgumentResolvers">
			<list>
				<bean class="egovframework.rte.ptl.mvc.bind.AnnotationCommandMapArgumentResolver"/>
			</list>
		</property>
	</bean>
    
    <bean class="org.springframework.web.servlet.mvc.method.annotation.RequestMappingHandlerMapping"/>

    <!-- IP 정보 기록 및 로그인 체크가 필요한 URL과 로그인 여부를 체크해줄 인터셉터를 등록한다. -->
    <!-- <mvc:interceptors>
        <bean class="egovframework.com.cmm.interceptor.IpObtainInterceptor" />
        <mvc:interceptor>
            <mvc:mapping path="/**/*.do" />
            <mvc:exclude-mapping path="/uat/uia/**" />
            <mvc:exclude-mapping path="/index.do" />
            <mvc:exclude-mapping path="/EgovLeft.do" />
            <mvc:exclude-mapping path="/EgovContent.do" />
            <mvc:exclude-mapping path="/EgovTop.do" />
            <mvc:exclude-mapping path="/EgovBottom.do" />
            <mvc:exclude-mapping path="/uat/uia/egovLoginUsr.do" />
            <mvc:exclude-mapping path="/uat/uia/actionLogin.do" />
            <bean class="egovframework.com.cmm.interceptor.AuthenticInterceptor" />
        </mvc:interceptor>
    </mvc:interceptors> -->

	<bean class="org.springframework.web.servlet.handler.SimpleMappingExceptionResolver">
		<property name="defaultErrorView" value="egovframework/com/cmm/error/egovError"/>
		<property name="exceptionMappings">
			<props>
				<prop key="org.springframework.dao.DataAccessException">egovframework/com/cmm/error/dataAccessFailure</prop>
				<prop key="org.springframework.transaction.TransactionException">egovframework/com/cmm/error/dataAccessFailure</prop>
				<prop key="egovframework.rte.fdl.cmmn.exception.EgovBizException">egovframework/com/cmm/error/egovBizException</prop>
				<prop key="org.springframework.web.HttpSessionRequiredException">egovframework/com/uat/uia/EgovLoginUsr</prop>
			</props>
		</property>
	</bean>

	<bean class="org.springframework.web.servlet.view.UrlBasedViewResolver" p:order="1" p:prefix="/WEB-INF/jsp/" p:suffix=".jsp" p:viewClass="org.springframework.web.servlet.view.JstlView"/>

	<!-- for JFile -->
	<bean class="org.springframework.web.servlet.view.BeanNameViewResolver" p:order="0"/>

</beans>